Data,Pagine interessate
2026-04-04,73512
2026-04-05,73482
2026-04-06,73482
2026-04-07,73506
2026-04-08,73506
2026-04-09,73506
2026-04-10,73506
2026-04-11,73479
2026-04-12,73479
2026-04-13,73479
2026-04-14,73357
2026-04-15,73357
2026-04-16,73357
2026-04-17,73357
2026-04-18,73076
2026-04-19,73076
2026-04-20,73076
2026-04-21,72717
2026-04-22,72717
2026-04-23,72717
2026-04-24,72717
2026-04-25,72590
2026-04-26,72590
2026-04-27,72590
2026-04-28,72416
2026-04-29,72416
2026-04-30,72416
2026-05-01,72416
2026-05-02,72289
2026-05-03,72289
2026-05-04,72289
2026-05-05,72114
2026-05-06,72114
2026-05-07,72114
2026-05-08,72114
2026-05-09,71947
2026-05-10,71947
2026-05-11,71947
2026-05-12,71614
2026-05-13,71614
2026-05-14,71614
2026-05-15,71614
2026-05-16,71379
2026-05-17,71379
2026-05-18,71379
2026-05-19,71214
2026-05-20,71214
2026-05-21,71214
2026-05-22,71214
2026-05-23,71012
2026-05-24,71012
2026-05-25,71012
2026-05-26,70801
2026-05-27,70801
2026-05-28,70801
2026-05-29,70801
2026-05-30,70707
2026-05-31,70707
2026-06-01,70707
2026-06-02,70299
2026-06-03,70299
2026-06-04,70299
2026-06-05,70299
2026-06-06,70099
2026-06-07,70099
2026-06-08,70099
2026-06-09,69903
2026-06-10,69903
2026-06-11,69903
2026-06-12,69903
2026-06-13,69100
2026-06-14,69100
2026-06-15,69100
2026-06-16,69100
2026-06-17,69100
2026-06-18,69100
2026-06-19,69100
2026-06-20,69100
2026-06-21,69100
2026-06-22,69100
2026-06-23,69100
2026-06-24,69100
2026-06-25,69100
2026-06-26,69100
2026-06-27,69100
2026-06-28,69100
2026-06-29,69100
2026-06-30,69100